book,price,availability
I Had a Nice Time And Other Lies...: How to find love & sh*t like that,£57.36, In stock
Will You Won't You Want Me?,£57.36, In stock
Keep Me Posted,£57.36, In stock
Grey (Fifty Shades #4),£57.36, In stock
Meternity,£57.36, In stock
Some Women,£57.36, In stock
Shopaholic Ties the Knot (Shopaholic #3),£57.36, In stock
Can You Keep a Secret?,£57.36, In stock
Twenties Girl,£57.36, In stock
The Undomestic Goddess,£57.36, In stock
The Nanny Diaries (Nanny #1),£57.36, In stock
The Devil Wears Prada (The Devil Wears Prada #1),£57.36, In stock
Something Borrowed (Darcy & Rachel #1),£57.36, In stock
Something Blue (Darcy & Rachel #2),£57.36, In stock
I've Got Your Number,£57.36, In stock
The Edge of Reason (Bridget Jones #2),£57.36, In stock
Bridget Jones's Diary (Bridget Jones #1),£57.36, In stock